candidate_id,status,Smiles,GEO,target1,target2,n_atoms,n_geo_angles,n_torsions,sdf_path,error
molecule_0001,PASS,COc1c(OCC2CN(C)C(C#N)=NO2)cc2ncnc(Nc3cc(Cl)c(Cl)cc3)c2c1,-3.09 2.55 1.88 0.81 -0.18 0.25 -2.67,P00533_WT,P00533_T790M,32,7,7,resistance_project/molecules/8faf60323ce63d5a/molecule_0001.sdf,
molecule_0002,PASS,C=CC(=O)Nc1cc(Nc2ncc(Cl)c(-c3c4ccccn4nc3)n2)c(OC)cc1N1CCN(C)CC1,2.66 3.08 -0.11 0.10 0.01 -2.41 -3.12 1.41,P00533_WT,P00533_T790M,37,8,8,resistance_project/molecules/8faf60323ce63d5a/molecule_0002.sdf,
molecule_0003,PASS,COc1c(OCCCN2CCCC2)cc2cnn(CC(Cl)c3ccccc3)c2c1,-3.12 2.96 1.56 -3.10 -1.00 3.08 -2.11 1.09 -1.15,P00533_WT,P00533_T790M,29,9,9,resistance_project/molecules/8faf60323ce63d5a/molecule_0003.sdf,
molecule_0004,PASS,COc1c(Nc2ncc(Cl)c(Nc3ccccc3S(=O)(=O)C(C)C)n2)ccc(N2CCC(N3CCN(C)CC3)CC2)c1,3.08 -2.83 -0.22 3.14 0.78 0.34 1.12 1.98 0.85,P00533_WT,P00533_T790M,42,9,9,resistance_project/molecules/8faf60323ce63d5a/molecule_0004.sdf,
molecule_0005,PASS,COc1c(OCC2CN(CC=C3CCCCC3)CC(=O)N2)cc2ncnc(Nc3cc(Cl)c(Cl)cc3)c2c1,-3.11 3.01 -3.01 -2.92 3.02 1.81 0.04 0.24 -2.70,P00533_WT,P00533_T790M,38,9,9,resistance_project/molecules/8faf60323ce63d5a/molecule_0005.sdf,
molecule_0006,PASS,COc1cc2c(cc1NC(=O)C#CCN(C)C)c(Nc1cc(Cl)c(F)cc1)ncn2,-0.03 0.04 0.03 -3.04 2.97 1.52 -1.16 2.95 -0.37,P00533_WT,P00533_T790M,30,9,9,resistance_project/molecules/8faf60323ce63d5a/molecule_0006.sdf,
molecule_0007,PASS,COc1c(Nc2nc(-c3c(-c4cc(C(=O)Nc5c(F)cccc5F)ccc4)nc4ccccn34)ccn2)ccc(N2CCC(N3CCCCCC3)CC2)c1,3.00 -2.97 2.99 -2.45 -2.47 2.83 -3.11 -0.99 0.31 -1.15,P00533_WT,P00533_T790M,54,10,10,resistance_project/molecules/8faf60323ce63d5a/molecule_0007.sdf,
molecule_0008,PASS,C=CC(=O)Nc1c(OCCCN2CCOCC2)cc2ncnc(Nc3cc(Cl)c(F)cc3)c2c1,0.03 -3.13 -3.06 3.06 -3.05 -1.17 -3.07 -1.19 -0.26 2.69,P00533_WT,P00533_T790M,34,10,10,resistance_project/molecules/8faf60323ce63d5a/molecule_0008.sdf,
molecule_0009,PASS,COc1c(OCc2nc(CS(=O)(=O)c3ncccc3)no2)cc2ncnc(Nc3cc(Cl)c(Cl)cc3)c2c1,-2.96 3.05 -3.09 1.94 -1.34 -2.86 1.24 0.14 -2.62,P00533_WT,P00533_T790M,38,9,9,resistance_project/molecules/8faf60323ce63d5a/molecule_0009.sdf,
molecule_0010,PASS,COc1cc2c(cc1OCC1CN3CCOCC3CO1)ncnc2Nc1cc(Cl)c(Br)cc1F,0.11 0.05 -1.39 2.81 -2.47 -2.63,P00533_WT,P00533_T790M,34,6,6,resistance_project/molecules/8faf60323ce63d5a/molecule_0010.sdf,
molecule_0011,FAIL,C=CC(=O)Nc1cc(NC2(C(=O)Nc3ccc(Oc4ccnc5c4F)c(F)c3)CC2)cc(C(F)(F)F)c1,-2.62 3.12 0.30 -2.93 1.07 -2.44 3.05 -3.13 2.24 2.42 1.46,P00533_WT,P00533_T790M,,,,,ValueError: Invalid SMILES: C=CC(=O)Nc1cc(NC2(C(=O)Nc3ccc(Oc4ccnc5c4F)c(F)c3)CC2)cc(C(F)(F)F)c1
molecule_0012,PASS,COc1c(OCC2CN(C)CCO2)cc2ncnc(Nc3c(F)cc(Br)cc3F)c2c1,3.08 -3.09 3.11 -0.96 -0.15 2.31,P00533_WT,P00533_T790M,31,6,6,resistance_project/molecules/8faf60323ce63d5a/molecule_0012.sdf,
