molecule,wt_target,mt_target,wt_affinity,mt_affinity
molecule_0001,P00533_WT,P00533_T790M,-8.2,-7.8
molecule_0002,P00533_WT,P00533_T790M,-7.9,-7.8
molecule_0003,P00533_WT,P00533_T790M,-6.9,-7.3
molecule_0004,P00533_WT,P00533_T790M,-8.8,-8.5
molecule_0005,P00533_WT,P00533_T790M,-9.1,-9.0
molecule_0006,P00533_WT,P00533_T790M,-7.3,-7.1
molecule_0007,P00533_WT,P00533_T790M,-10.6,-9.2
molecule_0008,P00533_WT,P00533_T790M,-7.7,-7.8
molecule_0009,P00533_WT,P00533_T790M,-8.7,-8.7
molecule_0010,P00533_WT,P00533_T790M,-8.1,-8.2
molecule_0012,P00533_WT,P00533_T790M,-7.2,-7.8
